date,day,month,year,day_name,month_name,decade,quarter,weekend
2018-12-01,1,12,2018,Saturday,December,1,4,YES
2018-12-02,2,12,2018,Sunday,December,1,4,YES
2018-12-03,3,12,2018,Monday,December,1,4,NO
2018-12-04,4,12,2018,Tuesday,December,1,4,NO
2018-12-05,5,12,2018,Wednesday,December,1,4,NO
2018-12-06,6,12,2018,Thursday,December,1,4,NO
2018-12-07,7,12,2018,Friday,December,1,4,NO
2018-12-08,8,12,2018,Saturday,December,1,4,YES
2018-12-09,9,12,2018,Sunday,December,1,4,YES
2018-12-10,10,12,2018,Monday,December,2,4,NO
2018-12-11,11,12,2018,Tuesday,December,2,4,NO
2018-12-12,12,12,2018,Wednesday,December,2,4,NO
2018-12-13,13,12,2018,Thursday,December,2,4,NO
2018-12-14,14,12,2018,Friday,December,2,4,NO
2018-12-15,15,12,2018,Saturday,December,2,4,YES
2018-12-16,16,12,2018,Sunday,December,2,4,YES
2018-12-17,17,12,2018,Monday,December,2,4,NO
2018-12-18,18,12,2018,Tuesday,December,2,4,NO
2018-12-19,19,12,2018,Wednesday,December,2,4,NO
2018-12-20,20,12,2018,Thursday,December,3,4,NO
2018-12-21,21,12,2018,Friday,December,3,4,NO
2018-12-22,22,12,2018,Saturday,December,3,4,YES
2018-12-23,23,12,2018,Sunday,December,3,4,YES
2018-12-24,24,12,2018,Monday,December,3,4,NO
2018-12-25,25,12,2018,Tuesday,December,3,4,NO
2018-12-26,26,12,2018,Wednesday,December,3,4,NO
2018-12-27,27,12,2018,Thursday,December,3,4,NO
2018-12-28,28,12,2018,Friday,December,3,4,NO
2018-12-29,29,12,2018,Saturday,December,3,4,YES
2018-12-30,30,12,2018,Sunday,December,3,4,YES
2018-12-31,31,12,2018,Monday,December,3,4,NO
2019-01-01,1,1,2019,Tuesday,January,1,1,NO
2019-01-02,2,1,2019,Wednesday,January,1,1,NO
2019-01-03,3,1,2019,Thursday,January,1,1,NO
2019-01-04,4,1,2019,Friday,January,1,1,NO
2019-01-05,5,1,2019,Saturday,January,1,1,YES
2019-01-06,6,1,2019,Sunday,January,1,1,YES
2019-01-07,7,1,2019,Monday,January,1,1,NO
2019-01-08,8,1,2019,Tuesday,January,1,1,NO
2019-01-09,9,1,2019,Wednesday,January,1,1,NO
2019-01-10,10,1,2019,Thursday,January,2,1,NO
2019-01-11,11,1,2019,Friday,January,2,1,NO
2019-01-12,12,1,2019,Saturday,January,2,1,YES
2019-01-13,13,1,2019,Sunday,January,2,1,YES
2019-01-14,14,1,2019,Monday,January,2,1,NO
2019-01-15,15,1,2019,Tuesday,January,2,1,NO
2019-01-16,16,1,2019,Wednesday,January,2,1,NO
2019-01-17,17,1,2019,Thursday,January,2,1,NO
2019-01-18,18,1,2019,Friday,January,2,1,NO
2019-01-19,19,1,2019,Saturday,January,2,1,YES
2019-01-20,20,1,2019,Sunday,January,3,1,YES
2019-01-21,21,1,2019,Monday,January,3,1,NO
2019-01-22,22,1,2019,Tuesday,January,3,1,NO
2019-01-23,23,1,2019,Wednesday,January,3,1,NO
2019-01-24,24,1,2019,Thursday,January,3,1,NO
2019-01-25,25,1,2019,Friday,January,3,1,NO
2019-01-26,26,1,2019,Saturday,January,3,1,YES
2019-01-27,27,1,2019,Sunday,January,3,1,YES
2019-01-28,28,1,2019,Monday,January,3,1,NO
2019-01-29,29,1,2019,Tuesday,January,3,1,NO
2019-01-30,30,1,2019,Wednesday,January,3,1,NO
2019-01-31,31,1,2019,Thursday,January,3,1,NO
2019-02-01,1,2,2019,Friday,February,1,1,NO
2019-02-02,2,2,2019,Saturday,February,1,1,YES
2019-02-03,3,2,2019,Sunday,February,1,1,YES
2019-02-04,4,2,2019,Monday,February,1,1,NO
2019-02-05,5,2,2019,Tuesday,February,1,1,NO
2019-02-06,6,2,2019,Wednesday,February,1,1,NO
2019-02-07,7,2,2019,Thursday,February,1,1,NO
2019-02-08,8,2,2019,Friday,February,1,1,NO
2019-02-09,9,2,2019,Saturday,February,1,1,YES
2019-02-10,10,2,2019,Sunday,February,2,1,YES
2019-02-11,11,2,2019,Monday,February,2,1,NO
2019-02-12,12,2,2019,Tuesday,February,2,1,NO
2019-02-13,13,2,2019,Wednesday,February,2,1,NO
2019-02-14,14,2,2019,Thursday,February,2,1,NO
2019-02-15,15,2,2019,Friday,February,2,1,NO
2019-02-16,16,2,2019,Saturday,February,2,1,YES
2019-02-17,17,2,2019,Sunday,February,2,1,YES
2019-02-18,18,2,2019,Monday,February,2,1,NO
2019-02-19,19,2,2019,Tuesday,February,2,1,NO
2019-02-20,20,2,2019,Wednesday,February,3,1,NO
2019-02-21,21,2,2019,Thursday,February,3,1,NO
2019-02-22,22,2,2019,Friday,February,3,1,NO
2019-02-23,23,2,2019,Saturday,February,3,1,YES
2019-02-24,24,2,2019,Sunday,February,3,1,YES
2019-02-25,25,2,2019,Monday,February,3,1,NO
2019-02-26,26,2,2019,Tuesday,February,3,1,NO
2019-02-27,27,2,2019,Wednesday,February,3,1,NO
2019-02-28,28,2,2019,Thursday,February,3,1,NO
2019-03-01,1,3,2019,Friday,March,1,2,NO
2019-03-02,2,3,2019,Saturday,March,1,2,YES
2019-03-03,3,3,2019,Sunday,March,1,2,YES
2019-03-04,4,3,2019,Monday,March,1,2,NO
2019-03-05,5,3,2019,Tuesday,March,1,2,NO
2019-03-06,6,3,2019,Wednesday,March,1,2,NO
2019-03-07,7,3,2019,Thursday,March,1,2,NO
2019-03-08,8,3,2019,Friday,March,1,2,NO
2019-03-09,9,3,2019,Saturday,March,1,2,YES
2019-03-10,10,3,2019,Sunday,March,2,2,YES
2019-03-11,11,3,2019,Monday,March,2,2,NO
2019-03-12,12,3,2019,Tuesday,March,2,2,NO
2019-03-13,13,3,2019,Wednesday,March,2,2,NO
2019-03-14,14,3,2019,Thursday,March,2,2,NO
2019-03-15,15,3,2019,Friday,March,2,2,NO
2019-03-16,16,3,2019,Saturday,March,2,2,YES
2019-03-17,17,3,2019,Sunday,March,2,2,YES
2019-03-18,18,3,2019,Monday,March,2,2,NO
2019-03-19,19,3,2019,Tuesday,March,2,2,NO
2019-03-20,20,3,2019,Wednesday,March,3,2,NO
2019-03-21,21,3,2019,Thursday,March,3,2,NO
2019-03-22,22,3,2019,Friday,March,3,2,NO
2019-03-23,23,3,2019,Saturday,March,3,2,YES
2019-03-24,24,3,2019,Sunday,March,3,2,YES
2019-03-25,25,3,2019,Monday,March,3,2,NO
2019-03-26,26,3,2019,Tuesday,March,3,2,NO
2019-03-27,27,3,2019,Wednesday,March,3,2,NO
2019-03-28,28,3,2019,Thursday,March,3,2,NO
2019-03-29,29,3,2019,Friday,March,3,2,NO
2019-03-30,30,3,2019,Saturday,March,3,2,YES
2019-03-31,31,3,2019,Sunday,March,3,2,YES
2019-04-01,1,4,2019,Monday,April,1,2,NO
2019-04-02,2,4,2019,Tuesday,April,1,2,NO
2019-04-03,3,4,2019,Wednesday,April,1,2,NO
2019-04-04,4,4,2019,Thursday,April,1,2,NO
2019-04-05,5,4,2019,Friday,April,1,2,NO
2019-04-06,6,4,2019,Saturday,April,1,2,YES
2019-04-07,7,4,2019,Sunday,April,1,2,YES
2019-04-08,8,4,2019,Monday,April,1,2,NO
2019-04-09,9,4,2019,Tuesday,April,1,2,NO
2019-04-10,10,4,2019,Wednesday,April,2,2,NO
2019-04-11,11,4,2019,Thursday,April,2,2,NO
2019-04-12,12,4,2019,Friday,April,2,2,NO
2019-04-13,13,4,2019,Saturday,April,2,2,YES
2019-04-14,14,4,2019,Sunday,April,2,2,YES
2019-04-15,15,4,2019,Monday,April,2,2,NO
2019-04-16,16,4,2019,Tuesday,April,2,2,NO
2019-04-17,17,4,2019,Wednesday,April,2,2,NO
2019-04-18,18,4,2019,Thursday,April,2,2,NO
2019-04-19,19,4,2019,Friday,April,2,2,NO
2019-04-20,20,4,2019,Saturday,April,3,2,YES
2019-04-21,21,4,2019,Sunday,April,3,2,YES
2019-04-22,22,4,2019,Monday,April,3,2,NO
2019-04-23,23,4,2019,Tuesday,April,3,2,NO
2019-04-24,24,4,2019,Wednesday,April,3,2,NO
2019-04-25,25,4,2019,Thursday,April,3,2,NO
2019-04-26,26,4,2019,Friday,April,3,2,NO
2019-04-27,27,4,2019,Saturday,April,3,2,YES
2019-04-28,28,4,2019,Sunday,April,3,2,YES
2019-04-29,29,4,2019,Monday,April,3,2,NO
2019-04-30,30,4,2019,Tuesday,April,3,2,NO
2019-05-01,1,5,2019,Wednesday,May,1,2,NO
2019-05-02,2,5,2019,Thursday,May,1,2,NO
2019-05-03,3,5,2019,Friday,May,1,2,NO
2019-05-04,4,5,2019,Saturday,May,1,2,YES
2019-05-05,5,5,2019,Sunday,May,1,2,YES
2019-05-06,6,5,2019,Monday,May,1,2,NO
2019-05-07,7,5,2019,Tuesday,May,1,2,NO
2019-05-08,8,5,2019,Wednesday,May,1,2,NO
2019-05-09,9,5,2019,Thursday,May,1,2,NO
2019-05-10,10,5,2019,Friday,May,2,2,NO
2019-05-11,11,5,2019,Saturday,May,2,2,YES
2019-05-12,12,5,2019,Sunday,May,2,2,YES
2019-05-13,13,5,2019,Monday,May,2,2,NO
2019-05-14,14,5,2019,Tuesday,May,2,2,NO
2019-05-15,15,5,2019,Wednesday,May,2,2,NO
2019-05-16,16,5,2019,Thursday,May,2,2,NO
2019-05-17,17,5,2019,Friday,May,2,2,NO
2019-05-18,18,5,2019,Saturday,May,2,2,YES
2019-05-19,19,5,2019,Sunday,May,2,2,YES
2019-05-20,20,5,2019,Monday,May,3,2,NO
2019-05-21,21,5,2019,Tuesday,May,3,2,NO
2019-05-22,22,5,2019,Wednesday,May,3,2,NO
2019-05-23,23,5,2019,Thursday,May,3,2,NO
2019-05-24,24,5,2019,Friday,May,3,2,NO
2019-05-25,25,5,2019,Saturday,May,3,2,YES
2019-05-26,26,5,2019,Sunday,May,3,2,YES
2019-05-27,27,5,2019,Monday,May,3,2,NO
2019-05-28,28,5,2019,Tuesday,May,3,2,NO
2019-05-29,29,5,2019,Wednesday,May,3,2,NO
2019-05-30,30,5,2019,Thursday,May,3,2,NO
2019-05-31,31,5,2019,Friday,May,3,2,NO
2019-06-01,1,6,2019,Saturday,June,1,3,YES
2019-06-02,2,6,2019,Sunday,June,1,3,YES
2019-06-03,3,6,2019,Monday,June,1,3,NO
2019-06-04,4,6,2019,Tuesday,June,1,3,NO
2019-06-05,5,6,2019,Wednesday,June,1,3,NO
2019-06-06,6,6,2019,Thursday,June,1,3,NO
2019-06-07,7,6,2019,Friday,June,1,3,NO
2019-06-08,8,6,2019,Saturday,June,1,3,YES
2019-06-09,9,6,2019,Sunday,June,1,3,YES
2019-06-10,10,6,2019,Monday,June,2,3,NO
2019-06-11,11,6,2019,Tuesday,June,2,3,NO
2019-06-12,12,6,2019,Wednesday,June,2,3,NO
2019-06-13,13,6,2019,Thursday,June,2,3,NO
2019-06-14,14,6,2019,Friday,June,2,3,NO
2019-06-15,15,6,2019,Saturday,June,2,3,YES
2019-06-16,16,6,2019,Sunday,June,2,3,YES
2019-06-17,17,6,2019,Monday,June,2,3,NO
2019-06-18,18,6,2019,Tuesday,June,2,3,NO
2019-06-19,19,6,2019,Wednesday,June,2,3,NO
2019-06-20,20,6,2019,Thursday,June,3,3,NO
2019-06-21,21,6,2019,Friday,June,3,3,NO
2019-06-22,22,6,2019,Saturday,June,3,3,YES
2019-06-23,23,6,2019,Sunday,June,3,3,YES
2019-06-24,24,6,2019,Monday,June,3,3,NO
2019-06-25,25,6,2019,Tuesday,June,3,3,NO
2019-06-26,26,6,2019,Wednesday,June,3,3,NO
2019-06-27,27,6,2019,Thursday,June,3,3,NO
2019-06-28,28,6,2019,Friday,June,3,3,NO
2019-06-29,29,6,2019,Saturday,June,3,3,YES
2019-06-30,30,6,2019,Sunday,June,3,3,YES
2019-07-01,1,7,2019,Monday,July,1,3,NO
2019-07-02,2,7,2019,Tuesday,July,1,3,NO
2019-07-03,3,7,2019,Wednesday,July,1,3,NO
2019-07-04,4,7,2019,Thursday,July,1,3,NO
2019-07-05,5,7,2019,Friday,July,1,3,NO
2019-07-06,6,7,2019,Saturday,July,1,3,YES
2019-07-07,7,7,2019,Sunday,July,1,3,YES
2019-07-08,8,7,2019,Monday,July,1,3,NO
2019-07-09,9,7,2019,Tuesday,July,1,3,NO
2019-07-10,10,7,2019,Wednesday,July,2,3,NO
2019-07-11,11,7,2019,Thursday,July,2,3,NO
2019-07-12,12,7,2019,Friday,July,2,3,NO
2019-07-13,13,7,2019,Saturday,July,2,3,YES
2019-07-14,14,7,2019,Sunday,July,2,3,YES
2019-07-15,15,7,2019,Monday,July,2,3,NO
2019-07-16,16,7,2019,Tuesday,July,2,3,NO
2019-07-17,17,7,2019,Wednesday,July,2,3,NO
2019-07-18,18,7,2019,Thursday,July,2,3,NO
2019-07-19,19,7,2019,Friday,July,2,3,NO
2019-07-20,20,7,2019,Saturday,July,3,3,YES
2019-07-21,21,7,2019,Sunday,July,3,3,YES
2019-07-22,22,7,2019,Monday,July,3,3,NO
2019-07-23,23,7,2019,Tuesday,July,3,3,NO
2019-07-24,24,7,2019,Wednesday,July,3,3,NO
2019-07-25,25,7,2019,Thursday,July,3,3,NO
2019-07-26,26,7,2019,Friday,July,3,3,NO
2019-07-27,27,7,2019,Saturday,July,3,3,YES
2019-07-28,28,7,2019,Sunday,July,3,3,YES
2019-07-29,29,7,2019,Monday,July,3,3,NO
2019-07-30,30,7,2019,Tuesday,July,3,3,NO
2019-07-31,31,7,2019,Wednesday,July,3,3,NO
2019-08-01,1,8,2019,Thursday,August,1,3,NO
2019-08-02,2,8,2019,Friday,August,1,3,NO
2019-08-03,3,8,2019,Saturday,August,1,3,YES
2019-08-04,4,8,2019,Sunday,August,1,3,YES
2019-08-05,5,8,2019,Monday,August,1,3,NO
2019-08-06,6,8,2019,Tuesday,August,1,3,NO
2019-08-07,7,8,2019,Wednesday,August,1,3,NO
2019-08-08,8,8,2019,Thursday,August,1,3,NO
2019-08-09,9,8,2019,Friday,August,1,3,NO
2019-08-10,10,8,2019,Saturday,August,2,3,YES
2019-08-11,11,8,2019,Sunday,August,2,3,YES
2019-08-12,12,8,2019,Monday,August,2,3,NO
2019-08-13,13,8,2019,Tuesday,August,2,3,NO
2019-08-14,14,8,2019,Wednesday,August,2,3,NO
2019-08-15,15,8,2019,Thursday,August,2,3,NO
2019-08-16,16,8,2019,Friday,August,2,3,NO
2019-08-17,17,8,2019,Saturday,August,2,3,YES
2019-08-18,18,8,2019,Sunday,August,2,3,YES
2019-08-19,19,8,2019,Monday,August,2,3,NO
2019-08-20,20,8,2019,Tuesday,August,3,3,NO
2019-08-21,21,8,2019,Wednesday,August,3,3,NO
2019-08-22,22,8,2019,Thursday,August,3,3,NO
2019-08-23,23,8,2019,Friday,August,3,3,NO
2019-08-24,24,8,2019,Saturday,August,3,3,YES
2019-08-25,25,8,2019,Sunday,August,3,3,YES
2019-08-26,26,8,2019,Monday,August,3,3,NO
2019-08-27,27,8,2019,Tuesday,August,3,3,NO
2019-08-28,28,8,2019,Wednesday,August,3,3,NO
2019-08-29,29,8,2019,Thursday,August,3,3,NO
2019-08-30,30,8,2019,Friday,August,3,3,NO
2019-08-31,31,8,2019,Saturday,August,3,3,YES
2019-09-01,1,9,2019,Sunday,September,1,4,YES
2019-09-02,2,9,2019,Monday,September,1,4,NO
2019-09-03,3,9,2019,Tuesday,September,1,4,NO
2019-09-04,4,9,2019,Wednesday,September,1,4,NO
2019-09-05,5,9,2019,Thursday,September,1,4,NO
2019-09-06,6,9,2019,Friday,September,1,4,NO
2019-09-07,7,9,2019,Saturday,September,1,4,YES
2019-09-08,8,9,2019,Sunday,September,1,4,YES
2019-09-09,9,9,2019,Monday,September,1,4,NO
2019-09-10,10,9,2019,Tuesday,September,2,4,NO
2019-09-11,11,9,2019,Wednesday,September,2,4,NO
2019-09-12,12,9,2019,Thursday,September,2,4,NO
2019-09-13,13,9,2019,Friday,September,2,4,NO
2019-09-14,14,9,2019,Saturday,September,2,4,YES
2019-09-15,15,9,2019,Sunday,September,2,4,YES
2019-09-16,16,9,2019,Monday,September,2,4,NO
2019-09-17,17,9,2019,Tuesday,September,2,4,NO
2019-09-18,18,9,2019,Wednesday,September,2,4,NO
2019-09-19,19,9,2019,Thursday,September,2,4,NO
2019-09-20,20,9,2019,Friday,September,3,4,NO
2019-09-21,21,9,2019,Saturday,September,3,4,YES
2019-09-22,22,9,2019,Sunday,September,3,4,YES
2019-09-23,23,9,2019,Monday,September,3,4,NO
2019-09-24,24,9,2019,Tuesday,September,3,4,NO
2019-09-25,25,9,2019,Wednesday,September,3,4,NO
2019-09-26,26,9,2019,Thursday,September,3,4,NO
2019-09-27,27,9,2019,Friday,September,3,4,NO
2019-09-28,28,9,2019,Saturday,September,3,4,YES
2019-09-29,29,9,2019,Sunday,September,3,4,YES
2019-09-30,30,9,2019,Monday,September,3,4,NO
2019-10-01,1,10,2019,Tuesday,October,1,4,NO
2019-10-02,2,10,2019,Wednesday,October,1,4,NO
2019-10-03,3,10,2019,Thursday,October,1,4,NO
2019-10-04,4,10,2019,Friday,October,1,4,NO
2019-10-05,5,10,2019,Saturday,October,1,4,YES
2019-10-06,6,10,2019,Sunday,October,1,4,YES
2019-10-07,7,10,2019,Monday,October,1,4,NO
2019-10-08,8,10,2019,Tuesday,October,1,4,NO
2019-10-09,9,10,2019,Wednesday,October,1,4,NO
2019-10-10,10,10,2019,Thursday,October,2,4,NO
2019-10-11,11,10,2019,Friday,October,2,4,NO
2019-10-12,12,10,2019,Saturday,October,2,4,YES
2019-10-13,13,10,2019,Sunday,October,2,4,YES
2019-10-14,14,10,2019,Monday,October,2,4,NO
2019-10-15,15,10,2019,Tuesday,October,2,4,NO
2019-10-16,16,10,2019,Wednesday,October,2,4,NO
2019-10-17,17,10,2019,Thursday,October,2,4,NO
2019-10-18,18,10,2019,Friday,October,2,4,NO
2019-10-19,19,10,2019,Saturday,October,2,4,YES
2019-10-20,20,10,2019,Sunday,October,3,4,YES
2019-10-21,21,10,2019,Monday,October,3,4,NO
2019-10-22,22,10,2019,Tuesday,October,3,4,NO
2019-10-23,23,10,2019,Wednesday,October,3,4,NO
2019-10-24,24,10,2019,Thursday,October,3,4,NO
2019-10-25,25,10,2019,Friday,October,3,4,NO
2019-10-26,26,10,2019,Saturday,October,3,4,YES
2019-10-27,27,10,2019,Sunday,October,3,4,YES
2019-10-28,28,10,2019,Monday,October,3,4,NO
2019-10-29,29,10,2019,Tuesday,October,3,4,NO
2019-10-30,30,10,2019,Wednesday,October,3,4,NO
2019-10-31,31,10,2019,Thursday,October,3,4,NO
2019-11-01,1,11,2019,Friday,November,1,4,NO
2019-11-02,2,11,2019,Saturday,November,1,4,YES
2019-11-03,3,11,2019,Sunday,November,1,4,YES
2019-11-04,4,11,2019,Monday,November,1,4,NO
2019-11-05,5,11,2019,Tuesday,November,1,4,NO
2019-11-06,6,11,2019,Wednesday,November,1,4,NO
2019-11-07,7,11,2019,Thursday,November,1,4,NO
2019-11-08,8,11,2019,Friday,November,1,4,NO
2019-11-09,9,11,2019,Saturday,November,1,4,YES
2019-11-10,10,11,2019,Sunday,November,2,4,YES
2019-11-11,11,11,2019,Monday,November,2,4,NO
2019-11-12,12,11,2019,Tuesday,November,2,4,NO
2019-11-13,13,11,2019,Wednesday,November,2,4,NO
2019-11-14,14,11,2019,Thursday,November,2,4,NO
2019-11-15,15,11,2019,Friday,November,2,4,NO
2019-11-16,16,11,2019,Saturday,November,2,4,YES
2019-11-17,17,11,2019,Sunday,November,2,4,YES
2019-11-18,18,11,2019,Monday,November,2,4,NO
2019-11-19,19,11,2019,Tuesday,November,2,4,NO
2019-11-20,20,11,2019,Wednesday,November,3,4,NO
2019-11-21,21,11,2019,Thursday,November,3,4,NO
2019-11-22,22,11,2019,Friday,November,3,4,NO
2019-11-23,23,11,2019,Saturday,November,3,4,YES
2019-11-24,24,11,2019,Sunday,November,3,4,YES
2019-11-25,25,11,2019,Monday,November,3,4,NO
2019-11-26,26,11,2019,Tuesday,November,3,4,NO
2019-11-27,27,11,2019,Wednesday,November,3,4,NO
2019-11-28,28,11,2019,Thursday,November,3,4,NO
2019-11-29,29,11,2019,Friday,November,3,4,NO
2019-11-30,30,11,2019,Saturday,November,3,4,YES
2019-12-01,1,12,2019,Sunday,December,1,4,YES
2019-12-02,2,12,2019,Monday,December,1,4,NO
2019-12-03,3,12,2019,Tuesday,December,1,4,NO
2019-12-04,4,12,2019,Wednesday,December,1,4,NO
2019-12-05,5,12,2019,Thursday,December,1,4,NO
2019-12-06,6,12,2019,Friday,December,1,4,NO
2019-12-07,7,12,2019,Saturday,December,1,4,YES
2019-12-08,8,12,2019,Sunday,December,1,4,YES
2019-12-09,9,12,2019,Monday,December,1,4,NO
2019-12-10,10,12,2019,Tuesday,December,2,4,NO
2019-12-11,11,12,2019,Wednesday,December,2,4,NO
2019-12-12,12,12,2019,Thursday,December,2,4,NO
2019-12-13,13,12,2019,Friday,December,2,4,NO
2019-12-14,14,12,2019,Saturday,December,2,4,YES
2019-12-15,15,12,2019,Sunday,December,2,4,YES
2019-12-16,16,12,2019,Monday,December,2,4,NO
2019-12-17,17,12,2019,Tuesday,December,2,4,NO
2019-12-18,18,12,2019,Wednesday,December,2,4,NO
2019-12-19,19,12,2019,Thursday,December,2,4,NO
2019-12-20,20,12,2019,Friday,December,3,4,NO
2019-12-21,21,12,2019,Saturday,December,3,4,YES
2019-12-22,22,12,2019,Sunday,December,3,4,YES
2019-12-23,23,12,2019,Monday,December,3,4,NO
2019-12-24,24,12,2019,Tuesday,December,3,4,NO
2019-12-25,25,12,2019,Wednesday,December,3,4,NO
2019-12-26,26,12,2019,Thursday,December,3,4,NO
2019-12-27,27,12,2019,Friday,December,3,4,NO
2019-12-28,28,12,2019,Saturday,December,3,4,YES
2019-12-29,29,12,2019,Sunday,December,3,4,YES
2019-12-30,30,12,2019,Monday,December,3,4,NO
2019-12-31,31,12,2019,Tuesday,December,3,4,NO
2020-01-01,1,1,2020,Wednesday,January,1,1,NO
2020-01-02,2,1,2020,Thursday,January,1,1,NO
2020-01-03,3,1,2020,Friday,January,1,1,NO
2020-01-04,4,1,2020,Saturday,January,1,1,YES
2020-01-05,5,1,2020,Sunday,January,1,1,YES
2020-01-06,6,1,2020,Monday,January,1,1,NO
2020-01-07,7,1,2020,Tuesday,January,1,1,NO
2020-01-08,8,1,2020,Wednesday,January,1,1,NO
2020-01-09,9,1,2020,Thursday,January,1,1,NO
2020-01-10,10,1,2020,Friday,January,2,1,NO
2020-01-11,11,1,2020,Saturday,January,2,1,YES
2020-01-12,12,1,2020,Sunday,January,2,1,YES
2020-01-13,13,1,2020,Monday,January,2,1,NO
2020-01-14,14,1,2020,Tuesday,January,2,1,NO
2020-01-15,15,1,2020,Wednesday,January,2,1,NO
2020-01-16,16,1,2020,Thursday,January,2,1,NO
2020-01-17,17,1,2020,Friday,January,2,1,NO
2020-01-18,18,1,2020,Saturday,January,2,1,YES
2020-01-19,19,1,2020,Sunday,January,2,1,YES
2020-01-20,20,1,2020,Monday,January,3,1,NO
2020-01-21,21,1,2020,Tuesday,January,3,1,NO
2020-01-22,22,1,2020,Wednesday,January,3,1,NO
2020-01-23,23,1,2020,Thursday,January,3,1,NO
2020-01-24,24,1,2020,Friday,January,3,1,NO
2020-01-25,25,1,2020,Saturday,January,3,1,YES
2020-01-26,26,1,2020,Sunday,January,3,1,YES
2020-01-27,27,1,2020,Monday,January,3,1,NO
2020-01-28,28,1,2020,Tuesday,January,3,1,NO
2020-01-29,29,1,2020,Wednesday,January,3,1,NO
2020-01-30,30,1,2020,Thursday,January,3,1,NO
2020-01-31,31,1,2020,Friday,January,3,1,NO
2020-02-01,1,2,2020,Saturday,February,1,1,YES
2020-02-02,2,2,2020,Sunday,February,1,1,YES
2020-02-03,3,2,2020,Monday,February,1,1,NO
2020-02-04,4,2,2020,Tuesday,February,1,1,NO
2020-02-05,5,2,2020,Wednesday,February,1,1,NO
2020-02-06,6,2,2020,Thursday,February,1,1,NO
2020-02-07,7,2,2020,Friday,February,1,1,NO
2020-02-08,8,2,2020,Saturday,February,1,1,YES
2020-02-09,9,2,2020,Sunday,February,1,1,YES
2020-02-10,10,2,2020,Monday,February,2,1,NO
2020-02-11,11,2,2020,Tuesday,February,2,1,NO
2020-02-12,12,2,2020,Wednesday,February,2,1,NO
2020-02-13,13,2,2020,Thursday,February,2,1,NO
2020-02-14,14,2,2020,Friday,February,2,1,NO
2020-02-15,15,2,2020,Saturday,February,2,1,YES
2020-02-16,16,2,2020,Sunday,February,2,1,YES
2020-02-17,17,2,2020,Monday,February,2,1,NO
2020-02-18,18,2,2020,Tuesday,February,2,1,NO
2020-02-19,19,2,2020,Wednesday,February,2,1,NO
2020-02-20,20,2,2020,Thursday,February,3,1,NO
2020-02-21,21,2,2020,Friday,February,3,1,NO
2020-02-22,22,2,2020,Saturday,February,3,1,YES
2020-02-23,23,2,2020,Sunday,February,3,1,YES
2020-02-24,24,2,2020,Monday,February,3,1,NO
2020-02-25,25,2,2020,Tuesday,February,3,1,NO
2020-02-26,26,2,2020,Wednesday,February,3,1,NO
2020-02-27,27,2,2020,Thursday,February,3,1,NO
2020-02-28,28,2,2020,Friday,February,3,1,NO
2020-02-29,29,2,2020,Saturday,February,3,1,YES
2020-03-01,1,3,2020,Sunday,March,1,2,YES
2020-03-02,2,3,2020,Monday,March,1,2,NO
2020-03-03,3,3,2020,Tuesday,March,1,2,NO
2020-03-04,4,3,2020,Wednesday,March,1,2,NO
2020-03-05,5,3,2020,Thursday,March,1,2,NO
2020-03-06,6,3,2020,Friday,March,1,2,NO
2020-03-07,7,3,2020,Saturday,March,1,2,YES
2020-03-08,8,3,2020,Sunday,March,1,2,YES
2020-03-09,9,3,2020,Monday,March,1,2,NO
2020-03-10,10,3,2020,Tuesday,March,2,2,NO
2020-03-11,11,3,2020,Wednesday,March,2,2,NO
2020-03-12,12,3,2020,Thursday,March,2,2,NO
2020-03-13,13,3,2020,Friday,March,2,2,NO
2020-03-14,14,3,2020,Saturday,March,2,2,YES
2020-03-15,15,3,2020,Sunday,March,2,2,YES
2020-03-16,16,3,2020,Monday,March,2,2,NO
2020-03-17,17,3,2020,Tuesday,March,2,2,NO
2020-03-18,18,3,2020,Wednesday,March,2,2,NO
2020-03-19,19,3,2020,Thursday,March,2,2,NO
2020-03-20,20,3,2020,Friday,March,3,2,NO
2020-03-21,21,3,2020,Saturday,March,3,2,YES
2020-03-22,22,3,2020,Sunday,March,3,2,YES
2020-03-23,23,3,2020,Monday,March,3,2,NO
2020-03-24,24,3,2020,Tuesday,March,3,2,NO
2020-03-25,25,3,2020,Wednesday,March,3,2,NO
2020-03-26,26,3,2020,Thursday,March,3,2,NO
2020-03-27,27,3,2020,Friday,March,3,2,NO
2020-03-28,28,3,2020,Saturday,March,3,2,YES
2020-03-29,29,3,2020,Sunday,March,3,2,YES
2020-03-30,30,3,2020,Monday,March,3,2,NO
2020-03-31,31,3,2020,Tuesday,March,3,2,NO
2020-04-01,1,4,2020,Wednesday,April,1,2,NO
2020-04-02,2,4,2020,Thursday,April,1,2,NO
2020-04-03,3,4,2020,Friday,April,1,2,NO
2020-04-04,4,4,2020,Saturday,April,1,2,YES
2020-04-05,5,4,2020,Sunday,April,1,2,YES
2020-04-06,6,4,2020,Monday,April,1,2,NO
2020-04-07,7,4,2020,Tuesday,April,1,2,NO
2020-04-08,8,4,2020,Wednesday,April,1,2,NO
2020-04-09,9,4,2020,Thursday,April,1,2,NO
2020-04-10,10,4,2020,Friday,April,2,2,NO
2020-04-11,11,4,2020,Saturday,April,2,2,YES
2020-04-12,12,4,2020,Sunday,April,2,2,YES
2020-04-13,13,4,2020,Monday,April,2,2,NO
2020-04-14,14,4,2020,Tuesday,April,2,2,NO
2020-04-15,15,4,2020,Wednesday,April,2,2,NO
2020-04-16,16,4,2020,Thursday,April,2,2,NO
2020-04-17,17,4,2020,Friday,April,2,2,NO
2020-04-18,18,4,2020,Saturday,April,2,2,YES
2020-04-19,19,4,2020,Sunday,April,2,2,YES
2020-04-20,20,4,2020,Monday,April,3,2,NO
2020-04-21,21,4,2020,Tuesday,April,3,2,NO
2020-04-22,22,4,2020,Wednesday,April,3,2,NO
2020-04-23,23,4,2020,Thursday,April,3,2,NO
2020-04-24,24,4,2020,Friday,April,3,2,NO
2020-04-25,25,4,2020,Saturday,April,3,2,YES
2020-04-26,26,4,2020,Sunday,April,3,2,YES
2020-04-27,27,4,2020,Monday,April,3,2,NO
2020-04-28,28,4,2020,Tuesday,April,3,2,NO
2020-04-29,29,4,2020,Wednesday,April,3,2,NO
2020-04-30,30,4,2020,Thursday,April,3,2,NO
2020-05-01,1,5,2020,Friday,May,1,2,NO
2020-05-02,2,5,2020,Saturday,May,1,2,YES
2020-05-03,3,5,2020,Sunday,May,1,2,YES
2020-05-04,4,5,2020,Monday,May,1,2,NO
2020-05-05,5,5,2020,Tuesday,May,1,2,NO
2020-05-06,6,5,2020,Wednesday,May,1,2,NO
2020-05-07,7,5,2020,Thursday,May,1,2,NO
2020-05-08,8,5,2020,Friday,May,1,2,NO
2020-05-09,9,5,2020,Saturday,May,1,2,YES
2020-05-10,10,5,2020,Sunday,May,2,2,YES
2020-05-11,11,5,2020,Monday,May,2,2,NO
2020-05-12,12,5,2020,Tuesday,May,2,2,NO
2020-05-13,13,5,2020,Wednesday,May,2,2,NO
2020-05-14,14,5,2020,Thursday,May,2,2,NO
2020-05-15,15,5,2020,Friday,May,2,2,NO
2020-05-16,16,5,2020,Saturday,May,2,2,YES
2020-05-17,17,5,2020,Sunday,May,2,2,YES
2020-05-18,18,5,2020,Monday,May,2,2,NO
2020-05-19,19,5,2020,Tuesday,May,2,2,NO
2020-05-20,20,5,2020,Wednesday,May,3,2,NO
2020-05-21,21,5,2020,Thursday,May,3,2,NO
2020-05-22,22,5,2020,Friday,May,3,2,NO
2020-05-23,23,5,2020,Saturday,May,3,2,YES
2020-05-24,24,5,2020,Sunday,May,3,2,YES
2020-05-25,25,5,2020,Monday,May,3,2,NO
2020-05-26,26,5,2020,Tuesday,May,3,2,NO
2020-05-27,27,5,2020,Wednesday,May,3,2,NO
2020-05-28,28,5,2020,Thursday,May,3,2,NO
2020-05-29,29,5,2020,Friday,May,3,2,NO
2020-05-30,30,5,2020,Saturday,May,3,2,YES
2020-05-31,31,5,2020,Sunday,May,3,2,YES
2020-06-01,1,6,2020,Monday,June,1,3,NO
2020-06-02,2,6,2020,Tuesday,June,1,3,NO
2020-06-03,3,6,2020,Wednesday,June,1,3,NO
2020-06-04,4,6,2020,Thursday,June,1,3,NO
2020-06-05,5,6,2020,Friday,June,1,3,NO
2020-06-06,6,6,2020,Saturday,June,1,3,YES
2020-06-07,7,6,2020,Sunday,June,1,3,YES
2020-06-08,8,6,2020,Monday,June,1,3,NO
2020-06-09,9,6,2020,Tuesday,June,1,3,NO
2020-06-10,10,6,2020,Wednesday,June,2,3,NO
2020-06-11,11,6,2020,Thursday,June,2,3,NO
2020-06-12,12,6,2020,Friday,June,2,3,NO
2020-06-13,13,6,2020,Saturday,June,2,3,YES
2020-06-14,14,6,2020,Sunday,June,2,3,YES
2020-06-15,15,6,2020,Monday,June,2,3,NO
2020-06-16,16,6,2020,Tuesday,June,2,3,NO
2020-06-17,17,6,2020,Wednesday,June,2,3,NO
2020-06-18,18,6,2020,Thursday,June,2,3,NO
2020-06-19,19,6,2020,Friday,June,2,3,NO
2020-06-20,20,6,2020,Saturday,June,3,3,YES
2020-06-21,21,6,2020,Sunday,June,3,3,YES
2020-06-22,22,6,2020,Monday,June,3,3,NO
2020-06-23,23,6,2020,Tuesday,June,3,3,NO
2020-06-24,24,6,2020,Wednesday,June,3,3,NO
2020-06-25,25,6,2020,Thursday,June,3,3,NO
2020-06-26,26,6,2020,Friday,June,3,3,NO
2020-06-27,27,6,2020,Saturday,June,3,3,YES
2020-06-28,28,6,2020,Sunday,June,3,3,YES
2020-06-29,29,6,2020,Monday,June,3,3,NO
2020-06-30,30,6,2020,Tuesday,June,3,3,NO
2020-07-01,1,7,2020,Wednesday,July,1,3,NO
2020-07-02,2,7,2020,Thursday,July,1,3,NO
2020-07-03,3,7,2020,Friday,July,1,3,NO
2020-07-04,4,7,2020,Saturday,July,1,3,YES
2020-07-05,5,7,2020,Sunday,July,1,3,YES
2020-07-06,6,7,2020,Monday,July,1,3,NO
2020-07-07,7,7,2020,Tuesday,July,1,3,NO
2020-07-08,8,7,2020,Wednesday,July,1,3,NO
2020-07-09,9,7,2020,Thursday,July,1,3,NO
2020-07-10,10,7,2020,Friday,July,2,3,NO
2020-07-11,11,7,2020,Saturday,July,2,3,YES
2020-07-12,12,7,2020,Sunday,July,2,3,YES
2020-07-13,13,7,2020,Monday,July,2,3,NO
2020-07-14,14,7,2020,Tuesday,July,2,3,NO
2020-07-15,15,7,2020,Wednesday,July,2,3,NO
2020-07-16,16,7,2020,Thursday,July,2,3,NO
2020-07-17,17,7,2020,Friday,July,2,3,NO
2020-07-18,18,7,2020,Saturday,July,2,3,YES
2020-07-19,19,7,2020,Sunday,July,2,3,YES
2020-07-20,20,7,2020,Monday,July,3,3,NO
2020-07-21,21,7,2020,Tuesday,July,3,3,NO
2020-07-22,22,7,2020,Wednesday,July,3,3,NO
2020-07-23,23,7,2020,Thursday,July,3,3,NO
2020-07-24,24,7,2020,Friday,July,3,3,NO
2020-07-25,25,7,2020,Saturday,July,3,3,YES
2020-07-26,26,7,2020,Sunday,July,3,3,YES
2020-07-27,27,7,2020,Monday,July,3,3,NO
2020-07-28,28,7,2020,Tuesday,July,3,3,NO
2020-07-29,29,7,2020,Wednesday,July,3,3,NO
2020-07-30,30,7,2020,Thursday,July,3,3,NO
2020-07-31,31,7,2020,Friday,July,3,3,NO
2020-08-01,1,8,2020,Saturday,August,1,3,YES
2020-08-02,2,8,2020,Sunday,August,1,3,YES
2020-08-03,3,8,2020,Monday,August,1,3,NO
2020-08-04,4,8,2020,Tuesday,August,1,3,NO
2020-08-05,5,8,2020,Wednesday,August,1,3,NO
2020-08-06,6,8,2020,Thursday,August,1,3,NO
2020-08-07,7,8,2020,Friday,August,1,3,NO
2020-08-08,8,8,2020,Saturday,August,1,3,YES
2020-08-09,9,8,2020,Sunday,August,1,3,YES
2020-08-10,10,8,2020,Monday,August,2,3,NO
2020-08-11,11,8,2020,Tuesday,August,2,3,NO
2020-08-12,12,8,2020,Wednesday,August,2,3,NO
2020-08-13,13,8,2020,Thursday,August,2,3,NO
2020-08-14,14,8,2020,Friday,August,2,3,NO
2020-08-15,15,8,2020,Saturday,August,2,3,YES
2020-08-16,16,8,2020,Sunday,August,2,3,YES
2020-08-17,17,8,2020,Monday,August,2,3,NO
2020-08-18,18,8,2020,Tuesday,August,2,3,NO
2020-08-19,19,8,2020,Wednesday,August,2,3,NO
2020-08-20,20,8,2020,Thursday,August,3,3,NO
2020-08-21,21,8,2020,Friday,August,3,3,NO
2020-08-22,22,8,2020,Saturday,August,3,3,YES
2020-08-23,23,8,2020,Sunday,August,3,3,YES
2020-08-24,24,8,2020,Monday,August,3,3,NO
2020-08-25,25,8,2020,Tuesday,August,3,3,NO
2020-08-26,26,8,2020,Wednesday,August,3,3,NO
2020-08-27,27,8,2020,Thursday,August,3,3,NO
2020-08-28,28,8,2020,Friday,August,3,3,NO
2020-08-29,29,8,2020,Saturday,August,3,3,YES
2020-08-30,30,8,2020,Sunday,August,3,3,YES
2020-08-31,31,8,2020,Monday,August,3,3,NO
2020-09-01,1,9,2020,Tuesday,September,1,4,NO
2020-09-02,2,9,2020,Wednesday,September,1,4,NO
2020-09-03,3,9,2020,Thursday,September,1,4,NO
2020-09-04,4,9,2020,Friday,September,1,4,NO
2020-09-05,5,9,2020,Saturday,September,1,4,YES
2020-09-06,6,9,2020,Sunday,September,1,4,YES
2020-09-07,7,9,2020,Monday,September,1,4,NO
2020-09-08,8,9,2020,Tuesday,September,1,4,NO
2020-09-09,9,9,2020,Wednesday,September,1,4,NO
2020-09-10,10,9,2020,Thursday,September,2,4,NO
2020-09-11,11,9,2020,Friday,September,2,4,NO
2020-09-12,12,9,2020,Saturday,September,2,4,YES
2020-09-13,13,9,2020,Sunday,September,2,4,YES
2020-09-14,14,9,2020,Monday,September,2,4,NO
2020-09-15,15,9,2020,Tuesday,September,2,4,NO
2020-09-16,16,9,2020,Wednesday,September,2,4,NO
2020-09-17,17,9,2020,Thursday,September,2,4,NO
2020-09-18,18,9,2020,Friday,September,2,4,NO
2020-09-19,19,9,2020,Saturday,September,2,4,YES
2020-09-20,20,9,2020,Sunday,September,3,4,YES
2020-09-21,21,9,2020,Monday,September,3,4,NO
2020-09-22,22,9,2020,Tuesday,September,3,4,NO
2020-09-23,23,9,2020,Wednesday,September,3,4,NO
2020-09-24,24,9,2020,Thursday,September,3,4,NO
2020-09-25,25,9,2020,Friday,September,3,4,NO
2020-09-26,26,9,2020,Saturday,September,3,4,YES
2020-09-27,27,9,2020,Sunday,September,3,4,YES
2020-09-28,28,9,2020,Monday,September,3,4,NO
2020-09-29,29,9,2020,Tuesday,September,3,4,NO
2020-09-30,30,9,2020,Wednesday,September,3,4,NO
2020-10-01,1,10,2020,Thursday,October,1,4,NO
2020-10-02,2,10,2020,Friday,October,1,4,NO
2020-10-03,3,10,2020,Saturday,October,1,4,YES
2020-10-04,4,10,2020,Sunday,October,1,4,YES
2020-10-05,5,10,2020,Monday,October,1,4,NO
2020-10-06,6,10,2020,Tuesday,October,1,4,NO
2020-10-07,7,10,2020,Wednesday,October,1,4,NO
2020-10-08,8,10,2020,Thursday,October,1,4,NO
2020-10-09,9,10,2020,Friday,October,1,4,NO
2020-10-10,10,10,2020,Saturday,October,2,4,YES
2020-10-11,11,10,2020,Sunday,October,2,4,YES
2020-10-12,12,10,2020,Monday,October,2,4,NO
2020-10-13,13,10,2020,Tuesday,October,2,4,NO
2020-10-14,14,10,2020,Wednesday,October,2,4,NO
2020-10-15,15,10,2020,Thursday,October,2,4,NO
2020-10-16,16,10,2020,Friday,October,2,4,NO
2020-10-17,17,10,2020,Saturday,October,2,4,YES
2020-10-18,18,10,2020,Sunday,October,2,4,YES
2020-10-19,19,10,2020,Monday,October,2,4,NO
2020-10-20,20,10,2020,Tuesday,October,3,4,NO
2020-10-21,21,10,2020,Wednesday,October,3,4,NO
2020-10-22,22,10,2020,Thursday,October,3,4,NO
2020-10-23,23,10,2020,Friday,October,3,4,NO
2020-10-24,24,10,2020,Saturday,October,3,4,YES
2020-10-25,25,10,2020,Sunday,October,3,4,YES
2020-10-26,26,10,2020,Monday,October,3,4,NO
2020-10-27,27,10,2020,Tuesday,October,3,4,NO
2020-10-28,28,10,2020,Wednesday,October,3,4,NO
2020-10-29,29,10,2020,Thursday,October,3,4,NO
2020-10-30,30,10,2020,Friday,October,3,4,NO
2020-10-31,31,10,2020,Saturday,October,3,4,YES
2020-11-01,1,11,2020,Sunday,November,1,4,YES
2020-11-02,2,11,2020,Monday,November,1,4,NO
2020-11-03,3,11,2020,Tuesday,November,1,4,NO
2020-11-04,4,11,2020,Wednesday,November,1,4,NO
2020-11-05,5,11,2020,Thursday,November,1,4,NO
2020-11-06,6,11,2020,Friday,November,1,4,NO
2020-11-07,7,11,2020,Saturday,November,1,4,YES
2020-11-08,8,11,2020,Sunday,November,1,4,YES
2020-11-09,9,11,2020,Monday,November,1,4,NO
2020-11-10,10,11,2020,Tuesday,November,2,4,NO
2020-11-11,11,11,2020,Wednesday,November,2,4,NO
2020-11-12,12,11,2020,Thursday,November,2,4,NO
2020-11-13,13,11,2020,Friday,November,2,4,NO
2020-11-14,14,11,2020,Saturday,November,2,4,YES
2020-11-15,15,11,2020,Sunday,November,2,4,YES
2020-11-16,16,11,2020,Monday,November,2,4,NO
2020-11-17,17,11,2020,Tuesday,November,2,4,NO
2020-11-18,18,11,2020,Wednesday,November,2,4,NO
2020-11-19,19,11,2020,Thursday,November,2,4,NO
2020-11-20,20,11,2020,Friday,November,3,4,NO
2020-11-21,21,11,2020,Saturday,November,3,4,YES
2020-11-22,22,11,2020,Sunday,November,3,4,YES
2020-11-23,23,11,2020,Monday,November,3,4,NO
2020-11-24,24,11,2020,Tuesday,November,3,4,NO
2020-11-25,25,11,2020,Wednesday,November,3,4,NO
2020-11-26,26,11,2020,Thursday,November,3,4,NO
2020-11-27,27,11,2020,Friday,November,3,4,NO
2020-11-28,28,11,2020,Saturday,November,3,4,YES
2020-11-29,29,11,2020,Sunday,November,3,4,YES
2020-11-30,30,11,2020,Monday,November,3,4,NO
2020-12-01,1,12,2020,Tuesday,December,1,4,NO
2020-12-02,2,12,2020,Wednesday,December,1,4,NO
2020-12-03,3,12,2020,Thursday,December,1,4,NO
2020-12-04,4,12,2020,Friday,December,1,4,NO
2020-12-05,5,12,2020,Saturday,December,1,4,YES
2020-12-06,6,12,2020,Sunday,December,1,4,YES
2020-12-07,7,12,2020,Monday,December,1,4,NO
2020-12-08,8,12,2020,Tuesday,December,1,4,NO
2020-12-09,9,12,2020,Wednesday,December,1,4,NO
2020-12-10,10,12,2020,Thursday,December,2,4,NO
2020-12-11,11,12,2020,Friday,December,2,4,NO
2020-12-12,12,12,2020,Saturday,December,2,4,YES
2020-12-13,13,12,2020,Sunday,December,2,4,YES
2020-12-14,14,12,2020,Monday,December,2,4,NO
2020-12-15,15,12,2020,Tuesday,December,2,4,NO
2020-12-16,16,12,2020,Wednesday,December,2,4,NO
2020-12-17,17,12,2020,Thursday,December,2,4,NO
2020-12-18,18,12,2020,Friday,December,2,4,NO
2020-12-19,19,12,2020,Saturday,December,2,4,YES
2020-12-20,20,12,2020,Sunday,December,3,4,YES
2020-12-21,21,12,2020,Monday,December,3,4,NO
2020-12-22,22,12,2020,Tuesday,December,3,4,NO
2020-12-23,23,12,2020,Wednesday,December,3,4,NO
2020-12-24,24,12,2020,Thursday,December,3,4,NO
2020-12-25,25,12,2020,Friday,December,3,4,NO
2020-12-26,26,12,2020,Saturday,December,3,4,YES
2020-12-27,27,12,2020,Sunday,December,3,4,YES
2020-12-28,28,12,2020,Monday,December,3,4,NO
2020-12-29,29,12,2020,Tuesday,December,3,4,NO
2020-12-30,30,12,2020,Wednesday,December,3,4,NO
2020-12-31,31,12,2020,Thursday,December,3,4,NO
2021-01-01,1,1,2021,Friday,January,1,1,NO
2021-01-02,2,1,2021,Saturday,January,1,1,YES
2021-01-03,3,1,2021,Sunday,January,1,1,YES
2021-01-04,4,1,2021,Monday,January,1,1,NO
2021-01-05,5,1,2021,Tuesday,January,1,1,NO
2021-01-06,6,1,2021,Wednesday,January,1,1,NO
2021-01-07,7,1,2021,Thursday,January,1,1,NO
2021-01-08,8,1,2021,Friday,January,1,1,NO
2021-01-09,9,1,2021,Saturday,January,1,1,YES
2021-01-10,10,1,2021,Sunday,January,2,1,YES
2021-01-11,11,1,2021,Monday,January,2,1,NO
2021-01-12,12,1,2021,Tuesday,January,2,1,NO
2021-01-13,13,1,2021,Wednesday,January,2,1,NO
2021-01-14,14,1,2021,Thursday,January,2,1,NO
2021-01-15,15,1,2021,Friday,January,2,1,NO
2021-01-16,16,1,2021,Saturday,January,2,1,YES
2021-01-17,17,1,2021,Sunday,January,2,1,YES
2021-01-18,18,1,2021,Monday,January,2,1,NO
2021-01-19,19,1,2021,Tuesday,January,2,1,NO
2021-01-20,20,1,2021,Wednesday,January,3,1,NO
2021-01-21,21,1,2021,Thursday,January,3,1,NO
2021-01-22,22,1,2021,Friday,January,3,1,NO
2021-01-23,23,1,2021,Saturday,January,3,1,YES
2021-01-24,24,1,2021,Sunday,January,3,1,YES
2021-01-25,25,1,2021,Monday,January,3,1,NO
2021-01-26,26,1,2021,Tuesday,January,3,1,NO
2021-01-27,27,1,2021,Wednesday,January,3,1,NO
2021-01-28,28,1,2021,Thursday,January,3,1,NO
2021-01-29,29,1,2021,Friday,January,3,1,NO
2021-01-30,30,1,2021,Saturday,January,3,1,YES
2021-01-31,31,1,2021,Sunday,January,3,1,YES
2021-02-01,1,2,2021,Monday,February,1,1,NO
2021-02-02,2,2,2021,Tuesday,February,1,1,NO
2021-02-03,3,2,2021,Wednesday,February,1,1,NO
2021-02-04,4,2,2021,Thursday,February,1,1,NO
2021-02-05,5,2,2021,Friday,February,1,1,NO
2021-02-06,6,2,2021,Saturday,February,1,1,YES
2021-02-07,7,2,2021,Sunday,February,1,1,YES
2021-02-08,8,2,2021,Monday,February,1,1,NO
2021-02-09,9,2,2021,Tuesday,February,1,1,NO
2021-02-10,10,2,2021,Wednesday,February,2,1,NO
2021-02-11,11,2,2021,Thursday,February,2,1,NO
2021-02-12,12,2,2021,Friday,February,2,1,NO
2021-02-13,13,2,2021,Saturday,February,2,1,YES
2021-02-14,14,2,2021,Sunday,February,2,1,YES
2021-02-15,15,2,2021,Monday,February,2,1,NO
2021-02-16,16,2,2021,Tuesday,February,2,1,NO
2021-02-17,17,2,2021,Wednesday,February,2,1,NO
2021-02-18,18,2,2021,Thursday,February,2,1,NO
2021-02-19,19,2,2021,Friday,February,2,1,NO
2021-02-20,20,2,2021,Saturday,February,3,1,YES
2021-02-21,21,2,2021,Sunday,February,3,1,YES
2021-02-22,22,2,2021,Monday,February,3,1,NO
2021-02-23,23,2,2021,Tuesday,February,3,1,NO
2021-02-24,24,2,2021,Wednesday,February,3,1,NO
2021-02-25,25,2,2021,Thursday,February,3,1,NO
2021-02-26,26,2,2021,Friday,February,3,1,NO
2021-02-27,27,2,2021,Saturday,February,3,1,YES
2021-02-28,28,2,2021,Sunday,February,3,1,YES
2021-03-01,1,3,2021,Monday,March,1,2,NO
2021-03-02,2,3,2021,Tuesday,March,1,2,NO
2021-03-03,3,3,2021,Wednesday,March,1,2,NO
2021-03-04,4,3,2021,Thursday,March,1,2,NO
2021-03-05,5,3,2021,Friday,March,1,2,NO
2021-03-06,6,3,2021,Saturday,March,1,2,YES
2021-03-07,7,3,2021,Sunday,March,1,2,YES
2021-03-08,8,3,2021,Monday,March,1,2,NO
2021-03-09,9,3,2021,Tuesday,March,1,2,NO
2021-03-10,10,3,2021,Wednesday,March,2,2,NO
2021-03-11,11,3,2021,Thursday,March,2,2,NO
2021-03-12,12,3,2021,Friday,March,2,2,NO
2021-03-13,13,3,2021,Saturday,March,2,2,YES
2021-03-14,14,3,2021,Sunday,March,2,2,YES
2021-03-15,15,3,2021,Monday,March,2,2,NO
2021-03-16,16,3,2021,Tuesday,March,2,2,NO
2021-03-17,17,3,2021,Wednesday,March,2,2,NO
2021-03-18,18,3,2021,Thursday,March,2,2,NO
2021-03-19,19,3,2021,Friday,March,2,2,NO
2021-03-20,20,3,2021,Saturday,March,3,2,YES
2021-03-21,21,3,2021,Sunday,March,3,2,YES
2021-03-22,22,3,2021,Monday,March,3,2,NO
2021-03-23,23,3,2021,Tuesday,March,3,2,NO
2021-03-24,24,3,2021,Wednesday,March,3,2,NO
2021-03-25,25,3,2021,Thursday,March,3,2,NO
2021-03-26,26,3,2021,Friday,March,3,2,NO
2021-03-27,27,3,2021,Saturday,March,3,2,YES
2021-03-28,28,3,2021,Sunday,March,3,2,YES
2021-03-29,29,3,2021,Monday,March,3,2,NO
2021-03-30,30,3,2021,Tuesday,March,3,2,NO
2021-03-31,31,3,2021,Wednesday,March,3,2,NO
2021-04-01,1,4,2021,Thursday,April,1,2,NO
2021-04-02,2,4,2021,Friday,April,1,2,NO
2021-04-03,3,4,2021,Saturday,April,1,2,YES
2021-04-04,4,4,2021,Sunday,April,1,2,YES
2021-04-05,5,4,2021,Monday,April,1,2,NO
2021-04-06,6,4,2021,Tuesday,April,1,2,NO
2021-04-07,7,4,2021,Wednesday,April,1,2,NO
2021-04-08,8,4,2021,Thursday,April,1,2,NO
2021-04-09,9,4,2021,Friday,April,1,2,NO
2021-04-10,10,4,2021,Saturday,April,2,2,YES
2021-04-11,11,4,2021,Sunday,April,2,2,YES
2021-04-12,12,4,2021,Monday,April,2,2,NO
2021-04-13,13,4,2021,Tuesday,April,2,2,NO
2021-04-14,14,4,2021,Wednesday,April,2,2,NO
2021-04-15,15,4,2021,Thursday,April,2,2,NO
2021-04-16,16,4,2021,Friday,April,2,2,NO
2021-04-17,17,4,2021,Saturday,April,2,2,YES
2021-04-18,18,4,2021,Sunday,April,2,2,YES
2021-04-19,19,4,2021,Monday,April,2,2,NO
2021-04-20,20,4,2021,Tuesday,April,3,2,NO
2021-04-21,21,4,2021,Wednesday,April,3,2,NO
2021-04-22,22,4,2021,Thursday,April,3,2,NO
2021-04-23,23,4,2021,Friday,April,3,2,NO
2021-04-24,24,4,2021,Saturday,April,3,2,YES
2021-04-25,25,4,2021,Sunday,April,3,2,YES
2021-04-26,26,4,2021,Monday,April,3,2,NO
2021-04-27,27,4,2021,Tuesday,April,3,2,NO
2021-04-28,28,4,2021,Wednesday,April,3,2,NO
2021-04-29,29,4,2021,Thursday,April,3,2,NO
2021-04-30,30,4,2021,Friday,April,3,2,NO
2021-05-01,1,5,2021,Saturday,May,1,2,YES
2021-05-02,2,5,2021,Sunday,May,1,2,YES
2021-05-03,3,5,2021,Monday,May,1,2,NO
2021-05-04,4,5,2021,Tuesday,May,1,2,NO
2021-05-05,5,5,2021,Wednesday,May,1,2,NO
2021-05-06,6,5,2021,Thursday,May,1,2,NO
2021-05-07,7,5,2021,Friday,May,1,2,NO
2021-05-08,8,5,2021,Saturday,May,1,2,YES
2021-05-09,9,5,2021,Sunday,May,1,2,YES
2021-05-10,10,5,2021,Monday,May,2,2,NO
2021-05-11,11,5,2021,Tuesday,May,2,2,NO
2021-05-12,12,5,2021,Wednesday,May,2,2,NO
2021-05-13,13,5,2021,Thursday,May,2,2,NO
2021-05-14,14,5,2021,Friday,May,2,2,NO
2021-05-15,15,5,2021,Saturday,May,2,2,YES
2021-05-16,16,5,2021,Sunday,May,2,2,YES
2021-05-17,17,5,2021,Monday,May,2,2,NO
2021-05-18,18,5,2021,Tuesday,May,2,2,NO
2021-05-19,19,5,2021,Wednesday,May,2,2,NO
2021-05-20,20,5,2021,Thursday,May,3,2,NO
2021-05-21,21,5,2021,Friday,May,3,2,NO
2021-05-22,22,5,2021,Saturday,May,3,2,YES
2021-05-23,23,5,2021,Sunday,May,3,2,YES
2021-05-24,24,5,2021,Monday,May,3,2,NO
2021-05-25,25,5,2021,Tuesday,May,3,2,NO
2021-05-26,26,5,2021,Wednesday,May,3,2,NO
2021-05-27,27,5,2021,Thursday,May,3,2,NO
2021-05-28,28,5,2021,Friday,May,3,2,NO
2021-05-29,29,5,2021,Saturday,May,3,2,YES
2021-05-30,30,5,2021,Sunday,May,3,2,YES
2021-05-31,31,5,2021,Monday,May,3,2,NO
2021-06-01,1,6,2021,Tuesday,June,1,3,NO
2021-06-02,2,6,2021,Wednesday,June,1,3,NO
2021-06-03,3,6,2021,Thursday,June,1,3,NO
2021-06-04,4,6,2021,Friday,June,1,3,NO
2021-06-05,5,6,2021,Saturday,June,1,3,YES
2021-06-06,6,6,2021,Sunday,June,1,3,YES
2021-06-07,7,6,2021,Monday,June,1,3,NO
2021-06-08,8,6,2021,Tuesday,June,1,3,NO
2021-06-09,9,6,2021,Wednesday,June,1,3,NO
2021-06-10,10,6,2021,Thursday,June,2,3,NO
2021-06-11,11,6,2021,Friday,June,2,3,NO
2021-06-12,12,6,2021,Saturday,June,2,3,YES
2021-06-13,13,6,2021,Sunday,June,2,3,YES
2021-06-14,14,6,2021,Monday,June,2,3,NO
2021-06-15,15,6,2021,Tuesday,June,2,3,NO
2021-06-16,16,6,2021,Wednesday,June,2,3,NO
2021-06-17,17,6,2021,Thursday,June,2,3,NO
2021-06-18,18,6,2021,Friday,June,2,3,NO
2021-06-19,19,6,2021,Saturday,June,2,3,YES
2021-06-20,20,6,2021,Sunday,June,3,3,YES
2021-06-21,21,6,2021,Monday,June,3,3,NO
2021-06-22,22,6,2021,Tuesday,June,3,3,NO
2021-06-23,23,6,2021,Wednesday,June,3,3,NO
2021-06-24,24,6,2021,Thursday,June,3,3,NO
2021-06-25,25,6,2021,Friday,June,3,3,NO
2021-06-26,26,6,2021,Saturday,June,3,3,YES
2021-06-27,27,6,2021,Sunday,June,3,3,YES
2021-06-28,28,6,2021,Monday,June,3,3,NO
2021-06-29,29,6,2021,Tuesday,June,3,3,NO
2021-06-30,30,6,2021,Wednesday,June,3,3,NO
2021-07-01,1,7,2021,Thursday,July,1,3,NO
2021-07-02,2,7,2021,Friday,July,1,3,NO
2021-07-03,3,7,2021,Saturday,July,1,3,YES
2021-07-04,4,7,2021,Sunday,July,1,3,YES
2021-07-05,5,7,2021,Monday,July,1,3,NO
2021-07-06,6,7,2021,Tuesday,July,1,3,NO
2021-07-07,7,7,2021,Wednesday,July,1,3,NO
2021-07-08,8,7,2021,Thursday,July,1,3,NO
2021-07-09,9,7,2021,Friday,July,1,3,NO
2021-07-10,10,7,2021,Saturday,July,2,3,YES
2021-07-11,11,7,2021,Sunday,July,2,3,YES
2021-07-12,12,7,2021,Monday,July,2,3,NO
2021-07-13,13,7,2021,Tuesday,July,2,3,NO
2021-07-14,14,7,2021,Wednesday,July,2,3,NO
2021-07-15,15,7,2021,Thursday,July,2,3,NO
2021-07-16,16,7,2021,Friday,July,2,3,NO
2021-07-17,17,7,2021,Saturday,July,2,3,YES
2021-07-18,18,7,2021,Sunday,July,2,3,YES
2021-07-19,19,7,2021,Monday,July,2,3,NO
2021-07-20,20,7,2021,Tuesday,July,3,3,NO
2021-07-21,21,7,2021,Wednesday,July,3,3,NO
2021-07-22,22,7,2021,Thursday,July,3,3,NO
2021-07-23,23,7,2021,Friday,July,3,3,NO
2021-07-24,24,7,2021,Saturday,July,3,3,YES
2021-07-25,25,7,2021,Sunday,July,3,3,YES
2021-07-26,26,7,2021,Monday,July,3,3,NO
2021-07-27,27,7,2021,Tuesday,July,3,3,NO
2021-07-28,28,7,2021,Wednesday,July,3,3,NO
2021-07-29,29,7,2021,Thursday,July,3,3,NO
2021-07-30,30,7,2021,Friday,July,3,3,NO
2021-07-31,31,7,2021,Saturday,July,3,3,YES
2021-08-01,1,8,2021,Sunday,August,1,3,YES
2021-08-02,2,8,2021,Monday,August,1,3,NO
2021-08-03,3,8,2021,Tuesday,August,1,3,NO
2021-08-04,4,8,2021,Wednesday,August,1,3,NO
2021-08-05,5,8,2021,Thursday,August,1,3,NO
2021-08-06,6,8,2021,Friday,August,1,3,NO
2021-08-07,7,8,2021,Saturday,August,1,3,YES
2021-08-08,8,8,2021,Sunday,August,1,3,YES
2021-08-09,9,8,2021,Monday,August,1,3,NO
2021-08-10,10,8,2021,Tuesday,August,2,3,NO
2021-08-11,11,8,2021,Wednesday,August,2,3,NO
2021-08-12,12,8,2021,Thursday,August,2,3,NO
2021-08-13,13,8,2021,Friday,August,2,3,NO
2021-08-14,14,8,2021,Saturday,August,2,3,YES
2021-08-15,15,8,2021,Sunday,August,2,3,YES
2021-08-16,16,8,2021,Monday,August,2,3,NO
2021-08-17,17,8,2021,Tuesday,August,2,3,NO
2021-08-18,18,8,2021,Wednesday,August,2,3,NO
2021-08-19,19,8,2021,Thursday,August,2,3,NO
2021-08-20,20,8,2021,Friday,August,3,3,NO
2021-08-21,21,8,2021,Saturday,August,3,3,YES
2021-08-22,22,8,2021,Sunday,August,3,3,YES
2021-08-23,23,8,2021,Monday,August,3,3,NO
2021-08-24,24,8,2021,Tuesday,August,3,3,NO
2021-08-25,25,8,2021,Wednesday,August,3,3,NO
2021-08-26,26,8,2021,Thursday,August,3,3,NO
2021-08-27,27,8,2021,Friday,August,3,3,NO
2021-08-28,28,8,2021,Saturday,August,3,3,YES
2021-08-29,29,8,2021,Sunday,August,3,3,YES
2021-08-30,30,8,2021,Monday,August,3,3,NO
2021-08-31,31,8,2021,Tuesday,August,3,3,NO
2021-09-01,1,9,2021,Wednesday,September,1,4,NO
2021-09-02,2,9,2021,Thursday,September,1,4,NO
2021-09-03,3,9,2021,Friday,September,1,4,NO
2021-09-04,4,9,2021,Saturday,September,1,4,YES
2021-09-05,5,9,2021,Sunday,September,1,4,YES
2021-09-06,6,9,2021,Monday,September,1,4,NO
2021-09-07,7,9,2021,Tuesday,September,1,4,NO
2021-09-08,8,9,2021,Wednesday,September,1,4,NO
2021-09-09,9,9,2021,Thursday,September,1,4,NO
2021-09-10,10,9,2021,Friday,September,2,4,NO
2021-09-11,11,9,2021,Saturday,September,2,4,YES
2021-09-12,12,9,2021,Sunday,September,2,4,YES
2021-09-13,13,9,2021,Monday,September,2,4,NO
2021-09-14,14,9,2021,Tuesday,September,2,4,NO
2021-09-15,15,9,2021,Wednesday,September,2,4,NO
2021-09-16,16,9,2021,Thursday,September,2,4,NO
2021-09-17,17,9,2021,Friday,September,2,4,NO
2021-09-18,18,9,2021,Saturday,September,2,4,YES
2021-09-19,19,9,2021,Sunday,September,2,4,YES
2021-09-20,20,9,2021,Monday,September,3,4,NO
2021-09-21,21,9,2021,Tuesday,September,3,4,NO
2021-09-22,22,9,2021,Wednesday,September,3,4,NO
2021-09-23,23,9,2021,Thursday,September,3,4,NO
2021-09-24,24,9,2021,Friday,September,3,4,NO
2021-09-25,25,9,2021,Saturday,September,3,4,YES
2021-09-26,26,9,2021,Sunday,September,3,4,YES
2021-09-27,27,9,2021,Monday,September,3,4,NO
2021-09-28,28,9,2021,Tuesday,September,3,4,NO
2021-09-29,29,9,2021,Wednesday,September,3,4,NO
2021-09-30,30,9,2021,Thursday,September,3,4,NO
2021-10-01,1,10,2021,Friday,October,1,4,NO
2021-10-02,2,10,2021,Saturday,October,1,4,YES
2021-10-03,3,10,2021,Sunday,October,1,4,YES
2021-10-04,4,10,2021,Monday,October,1,4,NO
2021-10-05,5,10,2021,Tuesday,October,1,4,NO
2021-10-06,6,10,2021,Wednesday,October,1,4,NO
2021-10-07,7,10,2021,Thursday,October,1,4,NO
2021-10-08,8,10,2021,Friday,October,1,4,NO
2021-10-09,9,10,2021,Saturday,October,1,4,YES
2021-10-10,10,10,2021,Sunday,October,2,4,YES
2021-10-11,11,10,2021,Monday,October,2,4,NO
2021-10-12,12,10,2021,Tuesday,October,2,4,NO
2021-10-13,13,10,2021,Wednesday,October,2,4,NO
2021-10-14,14,10,2021,Thursday,October,2,4,NO
2021-10-15,15,10,2021,Friday,October,2,4,NO
2021-10-16,16,10,2021,Saturday,October,2,4,YES
2021-10-17,17,10,2021,Sunday,October,2,4,YES
2021-10-18,18,10,2021,Monday,October,2,4,NO
2021-10-19,19,10,2021,Tuesday,October,2,4,NO
2021-10-20,20,10,2021,Wednesday,October,3,4,NO
2021-10-21,21,10,2021,Thursday,October,3,4,NO
2021-10-22,22,10,2021,Friday,October,3,4,NO
2021-10-23,23,10,2021,Saturday,October,3,4,YES
2021-10-24,24,10,2021,Sunday,October,3,4,YES
2021-10-25,25,10,2021,Monday,October,3,4,NO
2021-10-26,26,10,2021,Tuesday,October,3,4,NO
2021-10-27,27,10,2021,Wednesday,October,3,4,NO
2021-10-28,28,10,2021,Thursday,October,3,4,NO
2021-10-29,29,10,2021,Friday,October,3,4,NO
2021-10-30,30,10,2021,Saturday,October,3,4,YES
2021-10-31,31,10,2021,Sunday,October,3,4,YES
2021-11-01,1,11,2021,Monday,November,1,4,NO
2021-11-02,2,11,2021,Tuesday,November,1,4,NO
2021-11-03,3,11,2021,Wednesday,November,1,4,NO
2021-11-04,4,11,2021,Thursday,November,1,4,NO
2021-11-05,5,11,2021,Friday,November,1,4,NO
2021-11-06,6,11,2021,Saturday,November,1,4,YES
2021-11-07,7,11,2021,Sunday,November,1,4,YES
2021-11-08,8,11,2021,Monday,November,1,4,NO
2021-11-09,9,11,2021,Tuesday,November,1,4,NO
2021-11-10,10,11,2021,Wednesday,November,2,4,NO
2021-11-11,11,11,2021,Thursday,November,2,4,NO
2021-11-12,12,11,2021,Friday,November,2,4,NO
2021-11-13,13,11,2021,Saturday,November,2,4,YES
2021-11-14,14,11,2021,Sunday,November,2,4,YES
2021-11-15,15,11,2021,Monday,November,2,4,NO
2021-11-16,16,11,2021,Tuesday,November,2,4,NO
2021-11-17,17,11,2021,Wednesday,November,2,4,NO
2021-11-18,18,11,2021,Thursday,November,2,4,NO
2021-11-19,19,11,2021,Friday,November,2,4,NO
2021-11-20,20,11,2021,Saturday,November,3,4,YES
2021-11-21,21,11,2021,Sunday,November,3,4,YES
2021-11-22,22,11,2021,Monday,November,3,4,NO
2021-11-23,23,11,2021,Tuesday,November,3,4,NO
2021-11-24,24,11,2021,Wednesday,November,3,4,NO
2021-11-25,25,11,2021,Thursday,November,3,4,NO
2021-11-26,26,11,2021,Friday,November,3,4,NO
2021-11-27,27,11,2021,Saturday,November,3,4,YES
2021-11-28,28,11,2021,Sunday,November,3,4,YES
2021-11-29,29,11,2021,Monday,November,3,4,NO
2021-11-30,30,11,2021,Tuesday,November,3,4,NO
2021-12-01,1,12,2021,Wednesday,December,1,4,NO
2021-12-02,2,12,2021,Thursday,December,1,4,NO
2021-12-03,3,12,2021,Friday,December,1,4,NO
2021-12-04,4,12,2021,Saturday,December,1,4,YES
2021-12-05,5,12,2021,Sunday,December,1,4,YES
2021-12-06,6,12,2021,Monday,December,1,4,NO
2021-12-07,7,12,2021,Tuesday,December,1,4,NO
2021-12-08,8,12,2021,Wednesday,December,1,4,NO
2021-12-09,9,12,2021,Thursday,December,1,4,NO
2021-12-10,10,12,2021,Friday,December,2,4,NO
2021-12-11,11,12,2021,Saturday,December,2,4,YES
2021-12-12,12,12,2021,Sunday,December,2,4,YES
2021-12-13,13,12,2021,Monday,December,2,4,NO
2021-12-14,14,12,2021,Tuesday,December,2,4,NO
2021-12-15,15,12,2021,Wednesday,December,2,4,NO
2021-12-16,16,12,2021,Thursday,December,2,4,NO
2021-12-17,17,12,2021,Friday,December,2,4,NO
2021-12-18,18,12,2021,Saturday,December,2,4,YES
2021-12-19,19,12,2021,Sunday,December,2,4,YES
2021-12-20,20,12,2021,Monday,December,3,4,NO
2021-12-21,21,12,2021,Tuesday,December,3,4,NO
2021-12-22,22,12,2021,Wednesday,December,3,4,NO
2021-12-23,23,12,2021,Thursday,December,3,4,NO
2021-12-24,24,12,2021,Friday,December,3,4,NO
2021-12-25,25,12,2021,Saturday,December,3,4,YES
2021-12-26,26,12,2021,Sunday,December,3,4,YES
2021-12-27,27,12,2021,Monday,December,3,4,NO
2021-12-28,28,12,2021,Tuesday,December,3,4,NO
2021-12-29,29,12,2021,Wednesday,December,3,4,NO
2021-12-30,30,12,2021,Thursday,December,3,4,NO
2021-12-31,31,12,2021,Friday,December,3,4,NO
2022-01-01,1,1,2022,Saturday,January,1,1,YES
2022-01-02,2,1,2022,Sunday,January,1,1,YES
2022-01-03,3,1,2022,Monday,January,1,1,NO
2022-01-04,4,1,2022,Tuesday,January,1,1,NO
2022-01-05,5,1,2022,Wednesday,January,1,1,NO
2022-01-06,6,1,2022,Thursday,January,1,1,NO
2022-01-07,7,1,2022,Friday,January,1,1,NO
2022-01-08,8,1,2022,Saturday,January,1,1,YES
2022-01-09,9,1,2022,Sunday,January,1,1,YES
2022-01-10,10,1,2022,Monday,January,2,1,NO
2022-01-11,11,1,2022,Tuesday,January,2,1,NO
2022-01-12,12,1,2022,Wednesday,January,2,1,NO
2022-01-13,13,1,2022,Thursday,January,2,1,NO
2022-01-14,14,1,2022,Friday,January,2,1,NO
2022-01-15,15,1,2022,Saturday,January,2,1,YES
2022-01-16,16,1,2022,Sunday,January,2,1,YES
2022-01-17,17,1,2022,Monday,January,2,1,NO
2022-01-18,18,1,2022,Tuesday,January,2,1,NO
2022-01-19,19,1,2022,Wednesday,January,2,1,NO
2022-01-20,20,1,2022,Thursday,January,3,1,NO
2022-01-21,21,1,2022,Friday,January,3,1,NO
2022-01-22,22,1,2022,Saturday,January,3,1,YES
2022-01-23,23,1,2022,Sunday,January,3,1,YES
2022-01-24,24,1,2022,Monday,January,3,1,NO
2022-01-25,25,1,2022,Tuesday,January,3,1,NO
2022-01-26,26,1,2022,Wednesday,January,3,1,NO
2022-01-27,27,1,2022,Thursday,January,3,1,NO
2022-01-28,28,1,2022,Friday,January,3,1,NO
2022-01-29,29,1,2022,Saturday,January,3,1,YES
2022-01-30,30,1,2022,Sunday,January,3,1,YES
2022-01-31,31,1,2022,Monday,January,3,1,NO
2022-02-01,1,2,2022,Tuesday,February,1,1,NO
2022-02-02,2,2,2022,Wednesday,February,1,1,NO
2022-02-03,3,2,2022,Thursday,February,1,1,NO
2022-02-04,4,2,2022,Friday,February,1,1,NO
2022-02-05,5,2,2022,Saturday,February,1,1,YES
2022-02-06,6,2,2022,Sunday,February,1,1,YES
2022-02-07,7,2,2022,Monday,February,1,1,NO
2022-02-08,8,2,2022,Tuesday,February,1,1,NO
2022-02-09,9,2,2022,Wednesday,February,1,1,NO
2022-02-10,10,2,2022,Thursday,February,2,1,NO
2022-02-11,11,2,2022,Friday,February,2,1,NO
2022-02-12,12,2,2022,Saturday,February,2,1,YES
2022-02-13,13,2,2022,Sunday,February,2,1,YES
2022-02-14,14,2,2022,Monday,February,2,1,NO
2022-02-15,15,2,2022,Tuesday,February,2,1,NO
2022-02-16,16,2,2022,Wednesday,February,2,1,NO
2022-02-17,17,2,2022,Thursday,February,2,1,NO
2022-02-18,18,2,2022,Friday,February,2,1,NO
2022-02-19,19,2,2022,Saturday,February,2,1,YES
2022-02-20,20,2,2022,Sunday,February,3,1,YES
2022-02-21,21,2,2022,Monday,February,3,1,NO
2022-02-22,22,2,2022,Tuesday,February,3,1,NO
2022-02-23,23,2,2022,Wednesday,February,3,1,NO
2022-02-24,24,2,2022,Thursday,February,3,1,NO
2022-02-25,25,2,2022,Friday,February,3,1,NO
2022-02-26,26,2,2022,Saturday,February,3,1,YES
2022-02-27,27,2,2022,Sunday,February,3,1,YES
2022-02-28,28,2,2022,Monday,February,3,1,NO
2022-03-01,1,3,2022,Tuesday,March,1,2,NO
2022-03-02,2,3,2022,Wednesday,March,1,2,NO
2022-03-03,3,3,2022,Thursday,March,1,2,NO
2022-03-04,4,3,2022,Friday,March,1,2,NO
2022-03-05,5,3,2022,Saturday,March,1,2,YES
2022-03-06,6,3,2022,Sunday,March,1,2,YES
2022-03-07,7,3,2022,Monday,March,1,2,NO
2022-03-08,8,3,2022,Tuesday,March,1,2,NO
2022-03-09,9,3,2022,Wednesday,March,1,2,NO
2022-03-10,10,3,2022,Thursday,March,2,2,NO
2022-03-11,11,3,2022,Friday,March,2,2,NO
2022-03-12,12,3,2022,Saturday,March,2,2,YES
2022-03-13,13,3,2022,Sunday,March,2,2,YES
2022-03-14,14,3,2022,Monday,March,2,2,NO
2022-03-15,15,3,2022,Tuesday,March,2,2,NO
2022-03-16,16,3,2022,Wednesday,March,2,2,NO
2022-03-17,17,3,2022,Thursday,March,2,2,NO
2022-03-18,18,3,2022,Friday,March,2,2,NO
2022-03-19,19,3,2022,Saturday,March,2,2,YES
2022-03-20,20,3,2022,Sunday,March,3,2,YES
2022-03-21,21,3,2022,Monday,March,3,2,NO
2022-03-22,22,3,2022,Tuesday,March,3,2,NO
2022-03-23,23,3,2022,Wednesday,March,3,2,NO
2022-03-24,24,3,2022,Thursday,March,3,2,NO
2022-03-25,25,3,2022,Friday,March,3,2,NO
2022-03-26,26,3,2022,Saturday,March,3,2,YES
2022-03-27,27,3,2022,Sunday,March,3,2,YES
2022-03-28,28,3,2022,Monday,March,3,2,NO
2022-03-29,29,3,2022,Tuesday,March,3,2,NO
2022-03-30,30,3,2022,Wednesday,March,3,2,NO
2022-03-31,31,3,2022,Thursday,March,3,2,NO
2022-04-01,1,4,2022,Friday,April,1,2,NO
2022-04-02,2,4,2022,Saturday,April,1,2,YES
2022-04-03,3,4,2022,Sunday,April,1,2,YES
2022-04-04,4,4,2022,Monday,April,1,2,NO
2022-04-05,5,4,2022,Tuesday,April,1,2,NO
2022-04-06,6,4,2022,Wednesday,April,1,2,NO
2022-04-07,7,4,2022,Thursday,April,1,2,NO
2022-04-08,8,4,2022,Friday,April,1,2,NO
2022-04-09,9,4,2022,Saturday,April,1,2,YES
2022-04-10,10,4,2022,Sunday,April,2,2,YES
2022-04-11,11,4,2022,Monday,April,2,2,NO
2022-04-12,12,4,2022,Tuesday,April,2,2,NO
2022-04-13,13,4,2022,Wednesday,April,2,2,NO
2022-04-14,14,4,2022,Thursday,April,2,2,NO
2022-04-15,15,4,2022,Friday,April,2,2,NO
2022-04-16,16,4,2022,Saturday,April,2,2,YES
2022-04-17,17,4,2022,Sunday,April,2,2,YES
2022-04-18,18,4,2022,Monday,April,2,2,NO
2022-04-19,19,4,2022,Tuesday,April,2,2,NO
2022-04-20,20,4,2022,Wednesday,April,3,2,NO
2022-04-21,21,4,2022,Thursday,April,3,2,NO
2022-04-22,22,4,2022,Friday,April,3,2,NO
2022-04-23,23,4,2022,Saturday,April,3,2,YES
2022-04-24,24,4,2022,Sunday,April,3,2,YES
2022-04-25,25,4,2022,Monday,April,3,2,NO
2022-04-26,26,4,2022,Tuesday,April,3,2,NO
2022-04-27,27,4,2022,Wednesday,April,3,2,NO
2022-04-28,28,4,2022,Thursday,April,3,2,NO
2022-04-29,29,4,2022,Friday,April,3,2,NO
2022-04-30,30,4,2022,Saturday,April,3,2,YES
2022-05-01,1,5,2022,Sunday,May,1,2,YES
2022-05-02,2,5,2022,Monday,May,1,2,NO
2022-05-03,3,5,2022,Tuesday,May,1,2,NO
2022-05-04,4,5,2022,Wednesday,May,1,2,NO
2022-05-05,5,5,2022,Thursday,May,1,2,NO
2022-05-06,6,5,2022,Friday,May,1,2,NO
2022-05-07,7,5,2022,Saturday,May,1,2,YES
2022-05-08,8,5,2022,Sunday,May,1,2,YES
2022-05-09,9,5,2022,Monday,May,1,2,NO
2022-05-10,10,5,2022,Tuesday,May,2,2,NO
2022-05-11,11,5,2022,Wednesday,May,2,2,NO
2022-05-12,12,5,2022,Thursday,May,2,2,NO
2022-05-13,13,5,2022,Friday,May,2,2,NO
2022-05-14,14,5,2022,Saturday,May,2,2,YES
2022-05-15,15,5,2022,Sunday,May,2,2,YES
2022-05-16,16,5,2022,Monday,May,2,2,NO
2022-05-17,17,5,2022,Tuesday,May,2,2,NO
2022-05-18,18,5,2022,Wednesday,May,2,2,NO
2022-05-19,19,5,2022,Thursday,May,2,2,NO
2022-05-20,20,5,2022,Friday,May,3,2,NO
2022-05-21,21,5,2022,Saturday,May,3,2,YES
2022-05-22,22,5,2022,Sunday,May,3,2,YES
2022-05-23,23,5,2022,Monday,May,3,2,NO
2022-05-24,24,5,2022,Tuesday,May,3,2,NO
2022-05-25,25,5,2022,Wednesday,May,3,2,NO
2022-05-26,26,5,2022,Thursday,May,3,2,NO
2022-05-27,27,5,2022,Friday,May,3,2,NO
2022-05-28,28,5,2022,Saturday,May,3,2,YES
2022-05-29,29,5,2022,Sunday,May,3,2,YES
2022-05-30,30,5,2022,Monday,May,3,2,NO
2022-05-31,31,5,2022,Tuesday,May,3,2,NO
2022-06-01,1,6,2022,Wednesday,June,1,3,NO
2022-06-02,2,6,2022,Thursday,June,1,3,NO
2022-06-03,3,6,2022,Friday,June,1,3,NO
2022-06-04,4,6,2022,Saturday,June,1,3,YES
2022-06-05,5,6,2022,Sunday,June,1,3,YES
2022-06-06,6,6,2022,Monday,June,1,3,NO
2022-06-07,7,6,2022,Tuesday,June,1,3,NO
2022-06-08,8,6,2022,Wednesday,June,1,3,NO
2022-06-09,9,6,2022,Thursday,June,1,3,NO
2022-06-10,10,6,2022,Friday,June,2,3,NO
2022-06-11,11,6,2022,Saturday,June,2,3,YES
2022-06-12,12,6,2022,Sunday,June,2,3,YES
2022-06-13,13,6,2022,Monday,June,2,3,NO
2022-06-14,14,6,2022,Tuesday,June,2,3,NO
2022-06-15,15,6,2022,Wednesday,June,2,3,NO
2022-06-16,16,6,2022,Thursday,June,2,3,NO
2022-06-17,17,6,2022,Friday,June,2,3,NO
2022-06-18,18,6,2022,Saturday,June,2,3,YES
2022-06-19,19,6,2022,Sunday,June,2,3,YES
2022-06-20,20,6,2022,Monday,June,3,3,NO
2022-06-21,21,6,2022,Tuesday,June,3,3,NO
2022-06-22,22,6,2022,Wednesday,June,3,3,NO
2022-06-23,23,6,2022,Thursday,June,3,3,NO
2022-06-24,24,6,2022,Friday,June,3,3,NO
2022-06-25,25,6,2022,Saturday,June,3,3,YES
2022-06-26,26,6,2022,Sunday,June,3,3,YES
2022-06-27,27,6,2022,Monday,June,3,3,NO
2022-06-28,28,6,2022,Tuesday,June,3,3,NO
2022-06-29,29,6,2022,Wednesday,June,3,3,NO
2022-06-30,30,6,2022,Thursday,June,3,3,NO
2022-07-01,1,7,2022,Friday,July,1,3,NO
2022-07-02,2,7,2022,Saturday,July,1,3,YES
2022-07-03,3,7,2022,Sunday,July,1,3,YES
2022-07-04,4,7,2022,Monday,July,1,3,NO
2022-07-05,5,7,2022,Tuesday,July,1,3,NO
2022-07-06,6,7,2022,Wednesday,July,1,3,NO
2022-07-07,7,7,2022,Thursday,July,1,3,NO
2022-07-08,8,7,2022,Friday,July,1,3,NO
2022-07-09,9,7,2022,Saturday,July,1,3,YES
2022-07-10,10,7,2022,Sunday,July,2,3,YES
2022-07-11,11,7,2022,Monday,July,2,3,NO
2022-07-12,12,7,2022,Tuesday,July,2,3,NO
2022-07-13,13,7,2022,Wednesday,July,2,3,NO
2022-07-14,14,7,2022,Thursday,July,2,3,NO
2022-07-15,15,7,2022,Friday,July,2,3,NO
2022-07-16,16,7,2022,Saturday,July,2,3,YES
2022-07-17,17,7,2022,Sunday,July,2,3,YES
2022-07-18,18,7,2022,Monday,July,2,3,NO
2022-07-19,19,7,2022,Tuesday,July,2,3,NO
2022-07-20,20,7,2022,Wednesday,July,3,3,NO
2022-07-21,21,7,2022,Thursday,July,3,3,NO
2022-07-22,22,7,2022,Friday,July,3,3,NO
2022-07-23,23,7,2022,Saturday,July,3,3,YES
2022-07-24,24,7,2022,Sunday,July,3,3,YES
2022-07-25,25,7,2022,Monday,July,3,3,NO
2022-07-26,26,7,2022,Tuesday,July,3,3,NO
2022-07-27,27,7,2022,Wednesday,July,3,3,NO
2022-07-28,28,7,2022,Thursday,July,3,3,NO
2022-07-29,29,7,2022,Friday,July,3,3,NO
2022-07-30,30,7,2022,Saturday,July,3,3,YES
2022-07-31,31,7,2022,Sunday,July,3,3,YES
2022-08-01,1,8,2022,Monday,August,1,3,NO
2022-08-02,2,8,2022,Tuesday,August,1,3,NO
2022-08-03,3,8,2022,Wednesday,August,1,3,NO
2022-08-04,4,8,2022,Thursday,August,1,3,NO
2022-08-05,5,8,2022,Friday,August,1,3,NO
2022-08-06,6,8,2022,Saturday,August,1,3,YES
2022-08-07,7,8,2022,Sunday,August,1,3,YES
2022-08-08,8,8,2022,Monday,August,1,3,NO
2022-08-09,9,8,2022,Tuesday,August,1,3,NO
2022-08-10,10,8,2022,Wednesday,August,2,3,NO
2022-08-11,11,8,2022,Thursday,August,2,3,NO
2022-08-12,12,8,2022,Friday,August,2,3,NO
2022-08-13,13,8,2022,Saturday,August,2,3,YES
2022-08-14,14,8,2022,Sunday,August,2,3,YES
2022-08-15,15,8,2022,Monday,August,2,3,NO
2022-08-16,16,8,2022,Tuesday,August,2,3,NO
2022-08-17,17,8,2022,Wednesday,August,2,3,NO
2022-08-18,18,8,2022,Thursday,August,2,3,NO
2022-08-19,19,8,2022,Friday,August,2,3,NO
2022-08-20,20,8,2022,Saturday,August,3,3,YES
2022-08-21,21,8,2022,Sunday,August,3,3,YES
2022-08-22,22,8,2022,Monday,August,3,3,NO
2022-08-23,23,8,2022,Tuesday,August,3,3,NO
2022-08-24,24,8,2022,Wednesday,August,3,3,NO
2022-08-25,25,8,2022,Thursday,August,3,3,NO
2022-08-26,26,8,2022,Friday,August,3,3,NO
2022-08-27,27,8,2022,Saturday,August,3,3,YES
2022-08-28,28,8,2022,Sunday,August,3,3,YES
2022-08-29,29,8,2022,Monday,August,3,3,NO
2022-08-30,30,8,2022,Tuesday,August,3,3,NO
2022-08-31,31,8,2022,Wednesday,August,3,3,NO
2022-09-01,1,9,2022,Thursday,September,1,4,NO
2022-09-02,2,9,2022,Friday,September,1,4,NO
2022-09-03,3,9,2022,Saturday,September,1,4,YES
2022-09-04,4,9,2022,Sunday,September,1,4,YES
2022-09-05,5,9,2022,Monday,September,1,4,NO
2022-09-06,6,9,2022,Tuesday,September,1,4,NO
2022-09-07,7,9,2022,Wednesday,September,1,4,NO
2022-09-08,8,9,2022,Thursday,September,1,4,NO
2022-09-09,9,9,2022,Friday,September,1,4,NO
2022-09-10,10,9,2022,Saturday,September,2,4,YES
2022-09-11,11,9,2022,Sunday,September,2,4,YES
2022-09-12,12,9,2022,Monday,September,2,4,NO
2022-09-13,13,9,2022,Tuesday,September,2,4,NO
2022-09-14,14,9,2022,Wednesday,September,2,4,NO
2022-09-15,15,9,2022,Thursday,September,2,4,NO
2022-09-16,16,9,2022,Friday,September,2,4,NO
2022-09-17,17,9,2022,Saturday,September,2,4,YES
2022-09-18,18,9,2022,Sunday,September,2,4,YES
2022-09-19,19,9,2022,Monday,September,2,4,NO
2022-09-20,20,9,2022,Tuesday,September,3,4,NO
2022-09-21,21,9,2022,Wednesday,September,3,4,NO
2022-09-22,22,9,2022,Thursday,September,3,4,NO
2022-09-23,23,9,2022,Friday,September,3,4,NO
2022-09-24,24,9,2022,Saturday,September,3,4,YES
2022-09-25,25,9,2022,Sunday,September,3,4,YES
2022-09-26,26,9,2022,Monday,September,3,4,NO
2022-09-27,27,9,2022,Tuesday,September,3,4,NO
2022-09-28,28,9,2022,Wednesday,September,3,4,NO
2022-09-29,29,9,2022,Thursday,September,3,4,NO
2022-09-30,30,9,2022,Friday,September,3,4,NO
2022-10-01,1,10,2022,Saturday,October,1,4,YES
2022-10-02,2,10,2022,Sunday,October,1,4,YES
2022-10-03,3,10,2022,Monday,October,1,4,NO
2022-10-04,4,10,2022,Tuesday,October,1,4,NO
2022-10-05,5,10,2022,Wednesday,October,1,4,NO
2022-10-06,6,10,2022,Thursday,October,1,4,NO
2022-10-07,7,10,2022,Friday,October,1,4,NO
2022-10-08,8,10,2022,Saturday,October,1,4,YES
2022-10-09,9,10,2022,Sunday,October,1,4,YES
2022-10-10,10,10,2022,Monday,October,2,4,NO
2022-10-11,11,10,2022,Tuesday,October,2,4,NO
2022-10-12,12,10,2022,Wednesday,October,2,4,NO
2022-10-13,13,10,2022,Thursday,October,2,4,NO
2022-10-14,14,10,2022,Friday,October,2,4,NO
2022-10-15,15,10,2022,Saturday,October,2,4,YES
2022-10-16,16,10,2022,Sunday,October,2,4,YES
2022-10-17,17,10,2022,Monday,October,2,4,NO
2022-10-18,18,10,2022,Tuesday,October,2,4,NO
2022-10-19,19,10,2022,Wednesday,October,2,4,NO
2022-10-20,20,10,2022,Thursday,October,3,4,NO
2022-10-21,21,10,2022,Friday,October,3,4,NO
2022-10-22,22,10,2022,Saturday,October,3,4,YES
2022-10-23,23,10,2022,Sunday,October,3,4,YES
2022-10-24,24,10,2022,Monday,October,3,4,NO
2022-10-25,25,10,2022,Tuesday,October,3,4,NO
2022-10-26,26,10,2022,Wednesday,October,3,4,NO
2022-10-27,27,10,2022,Thursday,October,3,4,NO
2022-10-28,28,10,2022,Friday,October,3,4,NO
2022-10-29,29,10,2022,Saturday,October,3,4,YES
2022-10-30,30,10,2022,Sunday,October,3,4,YES
2022-10-31,31,10,2022,Monday,October,3,4,NO
2022-11-01,1,11,2022,Tuesday,November,1,4,NO
2022-11-02,2,11,2022,Wednesday,November,1,4,NO
2022-11-03,3,11,2022,Thursday,November,1,4,NO
2022-11-04,4,11,2022,Friday,November,1,4,NO
2022-11-05,5,11,2022,Saturday,November,1,4,YES
2022-11-06,6,11,2022,Sunday,November,1,4,YES
2022-11-07,7,11,2022,Monday,November,1,4,NO
2022-11-08,8,11,2022,Tuesday,November,1,4,NO
2022-11-09,9,11,2022,Wednesday,November,1,4,NO
2022-11-10,10,11,2022,Thursday,November,2,4,NO
2022-11-11,11,11,2022,Friday,November,2,4,NO
2022-11-12,12,11,2022,Saturday,November,2,4,YES
2022-11-13,13,11,2022,Sunday,November,2,4,YES
2022-11-14,14,11,2022,Monday,November,2,4,NO
2022-11-15,15,11,2022,Tuesday,November,2,4,NO
2022-11-16,16,11,2022,Wednesday,November,2,4,NO
2022-11-17,17,11,2022,Thursday,November,2,4,NO
2022-11-18,18,11,2022,Friday,November,2,4,NO
2022-11-19,19,11,2022,Saturday,November,2,4,YES
2022-11-20,20,11,2022,Sunday,November,3,4,YES
2022-11-21,21,11,2022,Monday,November,3,4,NO
2022-11-22,22,11,2022,Tuesday,November,3,4,NO
2022-11-23,23,11,2022,Wednesday,November,3,4,NO
2022-11-24,24,11,2022,Thursday,November,3,4,NO
2022-11-25,25,11,2022,Friday,November,3,4,NO
2022-11-26,26,11,2022,Saturday,November,3,4,YES
2022-11-27,27,11,2022,Sunday,November,3,4,YES
2022-11-28,28,11,2022,Monday,November,3,4,NO
2022-11-29,29,11,2022,Tuesday,November,3,4,NO
2022-11-30,30,11,2022,Wednesday,November,3,4,NO
2022-12-01,1,12,2022,Thursday,December,1,4,NO
2022-12-02,2,12,2022,Friday,December,1,4,NO
2022-12-03,3,12,2022,Saturday,December,1,4,YES
2022-12-04,4,12,2022,Sunday,December,1,4,YES
2022-12-05,5,12,2022,Monday,December,1,4,NO
2022-12-06,6,12,2022,Tuesday,December,1,4,NO
2022-12-07,7,12,2022,Wednesday,December,1,4,NO
2022-12-08,8,12,2022,Thursday,December,1,4,NO
2022-12-09,9,12,2022,Friday,December,1,4,NO
2022-12-10,10,12,2022,Saturday,December,2,4,YES
2022-12-11,11,12,2022,Sunday,December,2,4,YES
2022-12-12,12,12,2022,Monday,December,2,4,NO
2022-12-13,13,12,2022,Tuesday,December,2,4,NO
2022-12-14,14,12,2022,Wednesday,December,2,4,NO
2022-12-15,15,12,2022,Thursday,December,2,4,NO
2022-12-16,16,12,2022,Friday,December,2,4,NO
2022-12-17,17,12,2022,Saturday,December,2,4,YES
2022-12-18,18,12,2022,Sunday,December,2,4,YES
2022-12-19,19,12,2022,Monday,December,2,4,NO
2022-12-20,20,12,2022,Tuesday,December,3,4,NO
2022-12-21,21,12,2022,Wednesday,December,3,4,NO
2022-12-22,22,12,2022,Thursday,December,3,4,NO
2022-12-23,23,12,2022,Friday,December,3,4,NO
2022-12-24,24,12,2022,Saturday,December,3,4,YES
2022-12-25,25,12,2022,Sunday,December,3,4,YES
2022-12-26,26,12,2022,Monday,December,3,4,NO
2022-12-27,27,12,2022,Tuesday,December,3,4,NO
2022-12-28,28,12,2022,Wednesday,December,3,4,NO
2022-12-29,29,12,2022,Thursday,December,3,4,NO
2022-12-30,30,12,2022,Friday,December,3,4,NO
2022-12-31,31,12,2022,Saturday,December,3,4,YES
2023-01-01,1,1,2023,Sunday,January,1,1,YES
2023-01-02,2,1,2023,Monday,January,1,1,NO
